{"schemaVersion":"1.0","appDefinitionTemplate":{"id":"/providers/Microsoft.PowerApps/apps/","type":"Microsoft.PowerApps/apps","tags":{"primaryDeviceWidth":"1366","primaryDeviceHeight":"768","sienaVersion":"20211023T053757Z-3.21102.25.0","deviceCapabilities":"","supportsPortrait":"false","supportsLandscape":"true","primaryFormFactor":"Tablet","publisherVersion":"3.21102.25","minimumRequiredApiVersion":"2.2.0","hasComponent":"false","hasUnlockedComponent":"false","isUnifiedRootApp":"false"},"properties":{"appVersion":"2021-10-23T05:37:57Z","lifeCycleId":"Published","createdByClientVersion":{"major":3,"minor":21102,"build":25,"revision":0,"majorRevision":0,"minorRevision":0},"minClientVersion":{"major":3,"minor":21102,"build":25,"revision":0,"majorRevision":0,"minorRevision":0},"backgroundColor":"rgba(253, 193, 2, 1)","backgroundImageUri":"/2933680507778636182/N16f23f5f-2957-4dae-b9aa-ac9cd5c0fab1-logoSmallFile","displayName":"bullsandcows","description":"Cows & Bulls - Mind game with numbers","commitMessage":"","appUris":{"documentUri":{"value":"/2933680507778636182/Nf534238c-465b-4910-a00c-76775f74234d-document.msapp"},"imageUris":[]},"createdTime":"0001-01-01T00:00:00Z","lastModifiedTime":"0001-01-01T00:00:00Z","sharedGroupsCount":0,"sharedUsersCount":0,"icons":{"smallIconUri":"/2933680507778636182/N096ba025-c9af-49a1-a0f8-8ceb78e0e421-small.png","mediumIconUri":"/2933680507778636182/Ncdbf7696-d1f6-49a3-b5c0-8804bda43436-medium.png","largeIconUri":"/2933680507778636182/N8cb74f55-9c24-40a3-9c43-3e90d9bd0f86-large.png","wideIconUri":"/2933680507778636182/Na58fc20b-5619-4ff0-957a-aa9435dbcf3d-wide.png"},"connectionReferences":{},"databaseReferences":{},"almMode":"Environment","performanceOptimizationEnabled":false,"canConsumeAppPass":true,"executionRestrictions":{"isTeamsOnly":false,"dataLossPreventionEvaluationResult":{"status":"Compliant","lastEvaluationDate":"2020-10-28T17:08:45.3227558Z","violationDetails":[]}}},"appType":"ClassicCanvasApp","appComponents":[]}}